CREATE TABLE employees (
       emp_no      INT             NOT NULL,
       birth_date  DATE            NOT NULL,
       first_name  VARCHAR(14)     NOT NULL,
       last_name   VARCHAR(16)     NOT NULL,
       gender      ENUM ('M','F')  NOT NULL,
       hire_date   DATE            NOT NULL,
       PRIMARY KEY (emp_no)
);

CREATE TABLE departments (
         dept_no     CHAR(4)         NOT NULL,
         dept_name   VARCHAR(40)     NOT NULL,
         PRIMARY KEY (dept_no),
         UNIQUE  KEY (dept_name)
);

CREATE TABLE dept_manager (
          emp_no       INT             NOT NULL,
          dept_no      CHAR(4)         NOT NULL,
          from_date    DATE            NOT NULL,
          to_date      DATE            NOT NULL,
          FOREIGN KEY (emp_no)  REFERENCES employees (emp_no)    ON DELETE CASCADE,
          FOREIGN KEY (dept_no) REFERENCES departments (dept_no) ON DELETE CASCADE,
          PRIMARY KEY (emp_no,dept_no)
);

CREATE TABLE dept_emp (
      emp_no      INT             NOT NULL,
      dept_no     CHAR(4)         NOT NULL,
      from_date   DATE            NOT NULL,
      to_date     DATE            NOT NULL,
      FOREIGN KEY (emp_no)  REFERENCES employees   (emp_no)  ON DELETE CASCADE,
      FOREIGN KEY (dept_no) REFERENCES departments (dept_no) ON DELETE CASCADE,
      PRIMARY KEY (emp_no,dept_no)
);

CREATE TABLE titles (
    emp_no      INT             NOT NULL,
    title       VARCHAR(50)     NOT NULL,
    from_date   DATE            NOT NULL,
    to_date     DATE,
    FOREIGN KEY (emp_no) REFERENCES employees (emp_no) ON DELETE CASCADE,
    PRIMARY KEY (emp_no,title, from_date)
)
;

CREATE TABLE salaries (
      emp_no      INT             NOT NULL,
      salary      INT             NOT NULL,
      from_date   DATE            NOT NULL,
      to_date     DATE            NOT NULL,
      FOREIGN KEY (emp_no) REFERENCES employees (emp_no) ON DELETE CASCADE,
      PRIMARY KEY (emp_no, from_date)
)
;

INSERT INTO `departments` VALUES
                              ('d001','Marketing'),
                              ('d002','Finance'),
                              ('d003','Human Resources'),
                              ('d004','Production'),
                              ('d005','Development'),
                              ('d006','Quality Management'),
                              ('d007','Sales'),
                              ('d008','Research'),
                              ('d009','Customer Service');

INSERT INTO `employees` VALUES (10001,'1953-09-02','Georgi','Facello','M','1986-06-26'),
                               (10002,'1964-06-02','Bezalel','Simmel','F','1985-11-21'),
                               (10003,'1959-12-03','Parto','Bamford','M','1986-08-28'),
                               (10004,'1954-05-01','Chirstian','Koblick','M','1986-12-01'),
                               (10005,'1955-01-21','Kyoichi','Maliniak','M','1989-09-12'),
                               (10006,'1953-04-20','Anneke','Preusig','F','1989-06-02'),
                               (10007,'1957-05-23','Tzvetan','Zielinski','F','1989-02-10'),
                               (10008,'1958-02-19','Saniya','Kalloufi','M','1994-09-15'),
                               (10009,'1952-04-19','Sumant','Peac','F','1985-02-18'),
                               (10010,'1963-06-01','Duangkaew','Piveteau','F','1989-08-24'),
                               (110022,'1956-09-12','Margareta','Markovitch','M','1985-01-01'),
                               (110039,'1963-06-21','Vishwani','Minakawa','M','1986-04-12'),
                               (110085,'1959-10-28','Ebru','Alpin','M','1985-01-01'),
                               (110114,'1957-03-28','Isamu','Legleitner','F','1985-01-14'),
                               (110183,'1953-06-24','Shirish','Ossenbruggen','F','1985-01-01'),
                               (110228,'1958-12-02','Karsten','Sigstam','F','1985-08-04'),
                               (110303,'1956-06-08','Krassimir','Wegerle','F','1985-01-01'),
                               (110344,'1961-09-07','Rosine','Cools','F','1985-11-22'),
                               (110386,'1953-10-04','Shem','Kieras','M','1988-10-14'),
                               (110420,'1963-07-27','Oscar','Ghazalie','M','1992-02-05'),
                               (110511,'1957-07-08','DeForest','Hagimont','M','1985-01-01'),
                               (110567,'1964-04-25','Leon','DasSarma','F','1986-10-21'),
                               (110725,'1961-03-14','Peternela','Onuegbe','F','1985-01-01'),
                               (110765,'1954-05-22','Rutger','Hofmeyr','F','1989-01-07'),
                               (110800,'1963-02-07','Sanjoy','Quadeer','F','1986-08-12'),
                               (110854,'1960-08-19','Dung','Pesch','M','1989-06-09'),
                               (111035,'1962-02-24','Przemyslawa','Kaelbling','M','1985-01-01'),
                               (111133,'1955-03-16','Hauke','Zhang','M','1986-12-30'),
                               (111400,'1959-11-09','Arie','Staelin','M','1985-01-01'),
                               (111534,'1952-06-27','Hilary','Kambil','F','1988-01-31'),
                               (111692,'1954-10-05','Tonny','Butterworth','F','1985-01-01'),
                               (111784,'1956-06-14','Marjo','Giarratana','F','1988-02-12'),
                               (111877,'1962-10-18','Xiaobin','Spinelli','F','1991-08-17'),
                               (111939,'1960-03-25','Yuchang','Weedman','M','1989-07-10');

INSERT INTO `dept_emp` VALUES (10001,'d005','1986-06-26','9999-01-01'),
                              (10002,'d007','1996-08-03','9999-01-01'),
                              (10003,'d004','1995-12-03','9999-01-01'),
                              (10004,'d004','1986-12-01','9999-01-01'),
                              (10005,'d003','1989-09-12','9999-01-01'),
                              (10006,'d005','1990-08-05','9999-01-01'),
                              (10007,'d008','1989-02-10','9999-01-01'),
                              (10008,'d005','1998-03-11','2000-07-31'),
                              (10009,'d006','1985-02-18','9999-01-01'),
                              (10010,'d004','1996-11-24','2000-06-26'),
                              (10010,'d006','2000-06-26','9999-01-01');

INSERT INTO `dept_manager` VALUES
                               (110022,'d001','1985-01-01','1991-10-01'),
                               (110039,'d001','1991-10-01','9999-01-01'),
                               (110085,'d002','1985-01-01','1989-12-17'),
                               (110114,'d002','1989-12-17','9999-01-01'),
                               (110183,'d003','1985-01-01','1992-03-21'),
                               (110228,'d003','1992-03-21','9999-01-01'),
                               (110303,'d004','1985-01-01','1988-09-09'),
                               (110344,'d004','1988-09-09','1992-08-02'),
                               (110386,'d004','1992-08-02','1996-08-30'),
                               (110420,'d004','1996-08-30','9999-01-01'),
                               (110511,'d005','1985-01-01','1992-04-25'),
                               (110567,'d005','1992-04-25','9999-01-01'),
                               (110725,'d006','1985-01-01','1989-05-06'),
                               (110765,'d006','1989-05-06','1991-09-12'),
                               (110800,'d006','1991-09-12','1994-06-28'),
                               (110854,'d006','1994-06-28','9999-01-01'),
                               (111035,'d007','1985-01-01','1991-03-07'),
                               (111133,'d007','1991-03-07','9999-01-01'),
                               (111400,'d008','1985-01-01','1991-04-08'),
                               (111534,'d008','1991-04-08','9999-01-01'),
                               (111692,'d009','1985-01-01','1988-10-17'),
                               (111784,'d009','1988-10-17','1992-09-08'),
                               (111877,'d009','1992-09-08','1996-01-03'),
                               (111939,'d009','1996-01-03','9999-01-01');

INSERT INTO `titles` VALUES (10001,'Senior Engineer','1986-06-26','9999-01-01'),
                            (10002,'Staff','1996-08-03','9999-01-01'),
                            (10003,'Senior Engineer','1995-12-03','9999-01-01'),
                            (10004,'Engineer','1986-12-01','1995-12-01'),
                            (10004,'Senior Engineer','1995-12-01','9999-01-01'),
                            (10005,'Senior Staff','1996-09-12','9999-01-01'),
                            (10005,'Staff','1989-09-12','1996-09-12'),
                            (10006,'Senior Engineer','1990-08-05','9999-01-01'),
                            (10007,'Senior Staff','1996-02-11','9999-01-01'),
                            (10007,'Staff','1989-02-10','1996-02-11'),
                            (10008,'Assistant Engineer','1998-03-11','2000-07-31'),
                            (10009,'Assistant Engineer','1985-02-18','1990-02-18'),
                            (10009,'Engineer','1990-02-18','1995-02-18'),
                            (10009,'Senior Engineer','1995-02-18','9999-01-01'),
                            (10010,'Engineer','1996-11-24','9999-01-01'),

                            (110022,'Manager','1985-01-01','1991-10-01'),
                            (110022,'Senior Staff','1991-10-01','9999-01-01'),
                            (110039,'Manager','1991-10-01','9999-01-01'),
                            (110039,'Senior Staff','1986-04-12','1991-10-01'),
                            (110085,'Manager','1985-01-01','1989-12-17'),
                            (110085,'Senior Staff','1989-12-17','9999-01-01'),
                            (110114,'Manager','1989-12-17','9999-01-01'),
                            (110114,'Senior Staff','1985-01-14','1989-12-17'),
                            (110183,'Manager','1985-01-01','1992-03-21'),
                            (110183,'Staff','1992-03-21','9999-01-01'),
                            (110228,'Manager','1992-03-21','9999-01-01'),
                            (110228,'Senior Staff','1985-08-04','1992-03-21'),
                            (110303,'Manager','1985-01-01','1988-09-09'),
                            (110303,'Technique Leader','1988-09-09','9999-01-01'),
                            (110344,'Manager','1988-09-09','1992-08-02'),
                            (110344,'Senior Engineer','1985-11-22','1988-09-09'),
                            (110344,'Technique Leader','1992-08-02','9999-01-01'),
                            (110386,'Manager','1992-08-02','1996-08-30'),
                            (110386,'Technique Leader','1988-10-14','1992-08-02'),
                            (110386,'Technique Leader','1996-08-30','9999-01-01'),
                            (110420,'Manager','1996-08-30','9999-01-01'),
                            (110420,'Senior Engineer','1992-02-05','1996-08-30'),
                            (110511,'Manager','1985-01-01','1992-04-25'),
                            (110511,'Technique Leader','1992-04-25','9999-01-01'),
                            (110567,'Manager','1992-04-25','9999-01-01'),
                            (110567,'Technique Leader','1986-10-21','1992-04-25'),
                            (110725,'Manager','1985-01-01','1989-05-06'),
                            (110725,'Technique Leader','1989-05-06','9999-01-01'),
                            (110765,'Manager','1989-05-06','1991-09-12'),
                            (110765,'Technique Leader','1989-01-07','1989-05-06'),
                            (110765,'Technique Leader','1991-09-12','9999-01-01'),
                            (110800,'Manager','1991-09-12','1994-06-28'),
                            (110800,'Senior Engineer','1986-08-12','1991-09-12'),
                            (110800,'Technique Leader','1994-06-28','9999-01-01'),
                            (110854,'Manager','1994-06-28','9999-01-01'),
                            (110854,'Technique Leader','1989-06-09','1994-06-28'),
                            (111035,'Manager','1985-01-01','1991-03-07'),
                            (111035,'Staff','1991-03-07','9999-01-01'),
                            (111133,'Manager','1991-03-07','9999-01-01'),
                            (111133,'Staff','1986-12-30','1991-03-07'),
                            (111400,'Manager','1985-01-01','1991-04-08'),
                            (111400,'Staff','1991-04-08','9999-01-01'),
                            (111534,'Manager','1991-04-08','9999-01-01'),
                            (111534,'Senior Staff','1988-01-31','1991-04-08'),
                            (111692,'Manager','1985-01-01','1988-10-17'),
                            (111692,'Staff','1988-10-17','9999-01-01'),
                            (111784,'Manager','1988-10-17','1992-09-08'),
                            (111784,'Senior Staff','1988-02-12','1988-10-17'),
                            (111784,'Staff','1992-09-08','9999-01-01'),
                            (111877,'Manager','1992-09-08','1996-01-03'),
                            (111877,'Senior Staff','1991-08-17','1992-09-08'),
                            (111877,'Staff','1996-01-03','9999-01-01'),
                            (111939,'Manager','1996-01-03','9999-01-01'),
                            (111939,'Senior Staff','1989-07-10','1996-01-03');

INSERT INTO `salaries` VALUES (10001,60117,'1986-06-26','1987-06-26'),
                              (10001,62102,'1987-06-26','1988-06-25'),
                              (10001,66074,'1988-06-25','1989-06-25'),
                              (10001,66596,'1989-06-25','1990-06-25'),
                              (10001,66961,'1990-06-25','1991-06-25'),
                              (10001,71046,'1991-06-25','1992-06-24'),
                              (10001,74333,'1992-06-24','1993-06-24'),
                              (10001,75286,'1993-06-24','1994-06-24'),
                              (10001,75994,'1994-06-24','1995-06-24'),
                              (10001,76884,'1995-06-24','1996-06-23'),
                              (10001,80013,'1996-06-23','1997-06-23'),
                              (10001,81025,'1997-06-23','1998-06-23'),
                              (10001,81097,'1998-06-23','1999-06-23'),
                              (10001,84917,'1999-06-23','2000-06-22'),
                              (10001,85112,'2000-06-22','2001-06-22'),
                              (10001,85097,'2001-06-22','2002-06-22'),
                              (10001,88958,'2002-06-22','9999-01-01'),
                              (10002,65828,'1996-08-03','1997-08-03'),
                              (10002,65909,'1997-08-03','1998-08-03'),
                              (10002,67534,'1998-08-03','1999-08-03'),
                              (10002,69366,'1999-08-03','2000-08-02'),
                              (10002,71963,'2000-08-02','2001-08-02'),
                              (10002,72527,'2001-08-02','9999-01-01'),
                              (10003,40006,'1995-12-03','1996-12-02'),
                              (10003,43616,'1996-12-02','1997-12-02'),
                              (10003,43466,'1997-12-02','1998-12-02'),
                              (10003,43636,'1998-12-02','1999-12-02'),
                              (10003,43478,'1999-12-02','2000-12-01'),
                              (10003,43699,'2000-12-01','2001-12-01'),
                              (10003,43311,'2001-12-01','9999-01-01'),
                              (10004,40054,'1986-12-01','1987-12-01'),
                              (10004,42283,'1987-12-01','1988-11-30'),
                              (10004,42542,'1988-11-30','1989-11-30'),
                              (10004,46065,'1989-11-30','1990-11-30'),
                              (10004,48271,'1990-11-30','1991-11-30'),
                              (10004,50594,'1991-11-30','1992-11-29'),
                              (10004,52119,'1992-11-29','1993-11-29'),
                              (10004,54693,'1993-11-29','1994-11-29'),
                              (10004,58326,'1994-11-29','1995-11-29'),
                              (10004,60770,'1995-11-29','1996-11-28'),
                              (10004,62566,'1996-11-28','1997-11-28'),
                              (10004,64340,'1997-11-28','1998-11-28'),
                              (10004,67096,'1998-11-28','1999-11-28'),
                              (10004,69722,'1999-11-28','2000-11-27'),
                              (10004,70698,'2000-11-27','2001-11-27'),
                              (10004,74057,'2001-11-27','9999-01-01'),
                              (10005,78228,'1989-09-12','1990-09-12'),
                              (10005,82621,'1990-09-12','1991-09-12'),
                              (10005,83735,'1991-09-12','1992-09-11'),
                              (10005,85572,'1992-09-11','1993-09-11'),
                              (10005,85076,'1993-09-11','1994-09-11'),
                              (10005,86050,'1994-09-11','1995-09-11'),
                              (10005,88448,'1995-09-11','1996-09-10'),
                              (10005,88063,'1996-09-10','1997-09-10'),
                              (10005,89724,'1997-09-10','1998-09-10'),
                              (10005,90392,'1998-09-10','1999-09-10'),
                              (10005,90531,'1999-09-10','2000-09-09'),
                              (10005,91453,'2000-09-09','2001-09-09'),
                              (10005,94692,'2001-09-09','9999-01-01'),
                              (10006,40000,'1990-08-05','1991-08-05'),
                              (10006,42085,'1991-08-05','1992-08-04'),
                              (10006,42629,'1992-08-04','1993-08-04'),
                              (10006,45844,'1993-08-04','1994-08-04'),
                              (10006,47518,'1994-08-04','1995-08-04'),
                              (10006,47917,'1995-08-04','1996-08-03'),
                              (10006,52255,'1996-08-03','1997-08-03'),
                              (10006,53747,'1997-08-03','1998-08-03'),
                              (10006,56032,'1998-08-03','1999-08-03'),
                              (10006,58299,'1999-08-03','2000-08-02'),
                              (10006,60098,'2000-08-02','2001-08-02'),
                              (10006,59755,'2001-08-02','9999-01-01'),
                              (10007,56724,'1989-02-10','1990-02-10'),
                              (10007,60740,'1990-02-10','1991-02-10'),
                              (10007,62745,'1991-02-10','1992-02-10'),
                              (10007,63475,'1992-02-10','1993-02-09'),
                              (10007,63208,'1993-02-09','1994-02-09'),
                              (10007,64563,'1994-02-09','1995-02-09'),
                              (10007,68833,'1995-02-09','1996-02-09'),
                              (10007,70220,'1996-02-09','1997-02-08'),
                              (10007,73362,'1997-02-08','1998-02-08'),
                              (10007,75582,'1998-02-08','1999-02-08'),
                              (10007,79513,'1999-02-08','2000-02-08'),
                              (10007,80083,'2000-02-08','2001-02-07'),
                              (10007,84456,'2001-02-07','2002-02-07'),
                              (10007,88070,'2002-02-07','9999-01-01'),
                              (10008,46671,'1998-03-11','1999-03-11'),
                              (10008,48584,'1999-03-11','2000-03-10'),
                              (10008,52668,'2000-03-10','2000-07-31'),
                              (10009,60929,'1985-02-18','1986-02-18'),
                              (10009,64604,'1986-02-18','1987-02-18'),
                              (10009,64780,'1987-02-18','1988-02-18'),
                              (10009,66302,'1988-02-18','1989-02-17'),
                              (10009,69042,'1989-02-17','1990-02-17'),
                              (10009,70889,'1990-02-17','1991-02-17'),
                              (10009,71434,'1991-02-17','1992-02-17'),
                              (10009,74612,'1992-02-17','1993-02-16'),
                              (10009,76518,'1993-02-16','1994-02-16'),
                              (10009,78335,'1994-02-16','1995-02-16'),
                              (10009,80944,'1995-02-16','1996-02-16'),
                              (10009,82507,'1996-02-16','1997-02-15'),
                              (10009,85875,'1997-02-15','1998-02-15'),
                              (10009,89324,'1998-02-15','1999-02-15'),
                              (10009,90668,'1999-02-15','2000-02-15'),
                              (10009,93507,'2000-02-15','2001-02-14'),
                              (10009,94443,'2001-02-14','2002-02-14'),
                              (10009,94409,'2002-02-14','9999-01-01'),
                              (10010,72488,'1996-11-24','1997-11-24'),
                              (10010,74347,'1997-11-24','1998-11-24'),
                              (10010,75405,'1998-11-24','1999-11-24'),
                              (10010,78194,'1999-11-24','2000-11-23'),
                              (10010,79580,'2000-11-23','2001-11-23'),
                              (10010,80324,'2001-11-23','9999-01-01'),

                              (110022,71166,'1985-01-01','1986-01-01'),
                              (110022,71820,'1986-01-01','1987-01-01'),
                              (110022,72970,'1987-01-01','1988-01-01'),
                              (110022,76211,'1988-01-01','1988-12-31'),
                              (110022,78443,'1988-12-31','1989-12-31'),
                              (110022,81784,'1989-12-31','1990-12-31'),
                              (110022,82871,'1990-12-31','1991-12-31'),
                              (110022,86797,'1991-12-31','1992-12-30'),
                              (110022,89204,'1992-12-30','1993-12-30'),
                              (110022,92165,'1993-12-30','1994-12-30'),
                              (110022,94286,'1994-12-30','1995-12-30'),
                              (110022,96647,'1995-12-30','1996-12-29'),
                              (110022,97604,'1996-12-29','1997-12-29'),
                              (110022,98843,'1997-12-29','1998-12-29'),
                              (110022,100014,'1998-12-29','1999-12-29'),
                              (110022,100592,'1999-12-29','2000-12-28'),
                              (110022,104485,'2000-12-28','2001-12-28'),
                              (110022,108407,'2001-12-28','9999-01-01'),
                              (110039,69941,'1986-04-12','1987-04-12'),
                              (110039,71574,'1987-04-12','1988-04-11'),
                              (110039,73553,'1988-04-11','1989-04-11'),
                              (110039,75124,'1989-04-11','1990-04-11'),
                              (110039,78405,'1990-04-11','1991-04-11'),
                              (110039,81872,'1991-04-11','1992-04-10'),
                              (110039,83722,'1992-04-10','1993-04-10'),
                              (110039,85016,'1993-04-10','1994-04-10'),
                              (110039,85421,'1994-04-10','1995-04-10'),
                              (110039,88503,'1995-04-10','1996-04-09'),
                              (110039,92469,'1996-04-09','1997-04-09'),
                              (110039,94250,'1997-04-09','1998-04-09'),
                              (110039,95993,'1998-04-09','1999-04-09'),
                              (110039,100350,'1999-04-09','2000-04-08'),
                              (110039,101901,'2000-04-08','2001-04-08'),
                              (110039,104115,'2001-04-08','2002-04-08'),
                              (110039,106491,'2002-04-08','9999-01-01'),
                              (110085,60026,'1985-01-01','1986-01-01'),
                              (110085,61808,'1986-01-01','1987-01-01'),
                              (110085,62003,'1987-01-01','1988-01-01'),
                              (110085,64775,'1988-01-01','1988-12-31'),
                              (110085,65105,'1988-12-31','1989-12-31'),
                              (110085,66790,'1989-12-31','1990-12-31'),
                              (110085,67827,'1990-12-31','1991-12-31'),
                              (110085,68195,'1991-12-31','1992-12-30'),
                              (110085,70253,'1992-12-30','1993-12-30'),
                              (110085,72727,'1993-12-30','1994-12-30'),
                              (110085,72335,'1994-12-30','1995-12-30'),
                              (110085,75173,'1995-12-30','1996-12-29'),
                              (110085,79066,'1996-12-29','1997-12-29'),
                              (110085,79152,'1997-12-29','1998-12-29'),
                              (110085,83440,'1998-12-29','1999-12-29'),
                              (110085,85394,'1999-12-29','2000-12-28'),
                              (110085,88298,'2000-12-28','2001-12-28'),
                              (110085,88443,'2001-12-28','9999-01-01'),
                              (110114,52070,'1985-01-14','1986-01-14'),
                              (110114,55297,'1986-01-14','1987-01-14'),
                              (110114,55767,'1987-01-14','1988-01-14'),
                              (110114,58800,'1988-01-14','1989-01-13'),
                              (110114,62669,'1989-01-13','1990-01-13'),
                              (110114,62593,'1990-01-13','1991-01-13'),
                              (110114,63447,'1991-01-13','1992-01-13'),
                              (110114,67322,'1992-01-13','1993-01-12'),
                              (110114,67761,'1993-01-12','1994-01-12'),
                              (110114,68166,'1994-01-12','1995-01-12'),
                              (110114,71652,'1995-01-12','1996-01-12'),
                              (110114,71375,'1996-01-12','1997-01-11'),
                              (110114,75708,'1997-01-11','1998-01-11'),
                              (110114,79782,'1998-01-11','1999-01-11'),
                              (110114,79679,'1999-01-11','2000-01-11'),
                              (110114,80423,'2000-01-11','2001-01-10'),
                              (110114,82594,'2001-01-10','2002-01-10'),
                              (110114,83457,'2002-01-10','9999-01-01'),
                              (110183,48291,'1985-01-01','1986-01-01'),
                              (110183,50319,'1986-01-01','1987-01-01'),
                              (110183,51622,'1987-01-01','1988-01-01'),
                              (110183,51298,'1988-01-01','1988-12-31'),
                              (110183,55582,'1988-12-31','1989-12-31'),
                              (110183,57197,'1989-12-31','1990-12-31'),
                              (110183,59629,'1990-12-31','1991-12-31'),
                              (110183,60356,'1991-12-31','1992-12-30'),
                              (110183,63677,'1992-12-30','1993-12-30'),
                              (110183,63190,'1993-12-30','1994-12-30'),
                              (110183,64652,'1994-12-30','1995-12-30'),
                              (110183,66530,'1995-12-30','1996-12-29'),
                              (110183,67423,'1996-12-29','1997-12-29'),
                              (110183,70638,'1997-12-29','1998-12-29'),
                              (110183,72240,'1998-12-29','1999-12-29'),
                              (110183,74584,'1999-12-29','2000-12-28'),
                              (110183,77367,'2000-12-28','2001-12-28'),
                              (110183,79229,'2001-12-28','9999-01-01'),
                              (110228,40000,'1985-08-04','1986-08-04'),
                              (110228,43069,'1986-08-04','1987-08-04'),
                              (110228,44284,'1987-08-04','1988-08-03'),
                              (110228,47816,'1988-08-03','1989-08-03'),
                              (110228,49541,'1989-08-03','1990-08-03'),
                              (110228,49547,'1990-08-03','1991-08-03'),
                              (110228,50122,'1991-08-03','1992-08-02'),
                              (110228,49867,'1992-08-02','1993-08-02'),
                              (110228,51472,'1993-08-02','1994-08-02'),
                              (110228,55445,'1994-08-02','1995-08-02'),
                              (110228,55733,'1995-08-02','1996-08-01'),
                              (110228,57431,'1996-08-01','1997-08-01'),
                              (110228,58932,'1997-08-01','1998-08-01'),
                              (110228,59259,'1998-08-01','1999-08-01'),
                              (110228,61684,'1999-08-01','2000-07-31'),
                              (110228,62596,'2000-07-31','2001-07-31'),
                              (110228,62276,'2001-07-31','2002-07-31'),
                              (110228,65400,'2002-07-31','9999-01-01'),
                              (110303,42093,'1985-01-01','1986-01-01'),
                              (110303,42808,'1986-01-01','1987-01-01'),
                              (110303,42368,'1987-01-01','1988-01-01'),
                              (110303,44954,'1988-01-01','1988-12-31'),
                              (110303,47446,'1988-12-31','1989-12-31'),
                              (110303,50390,'1989-12-31','1990-12-31'),
                              (110303,52603,'1990-12-31','1991-12-31'),
                              (110303,56607,'1991-12-31','1992-12-30'),
                              (110303,57246,'1992-12-30','1993-12-30'),
                              (110303,59135,'1993-12-30','1994-12-30'),
                              (110303,60568,'1994-12-30','1995-12-30'),
                              (110303,60162,'1995-12-30','1996-12-29'),
                              (110303,63859,'1996-12-29','1997-12-29'),
                              (110303,67166,'1997-12-29','1998-12-29'),
                              (110303,68314,'1998-12-29','1999-12-29'),
                              (110303,68483,'1999-12-29','2000-12-28'),
                              (110303,70157,'2000-12-28','2001-12-28'),
                              (110303,72583,'2001-12-28','9999-01-01'),
                              (110344,50365,'1985-11-22','1986-11-22'),
                              (110344,50953,'1986-11-22','1987-11-22'),
                              (110344,53052,'1987-11-22','1988-11-21'),
                              (110344,55704,'1988-11-21','1989-11-21'),
                              (110344,59323,'1989-11-21','1990-11-21'),
                              (110344,61115,'1990-11-21','1991-11-21'),
                              (110344,61937,'1991-11-21','1992-11-20'),
                              (110344,62145,'1992-11-20','1993-11-20'),
                              (110344,63370,'1993-11-20','1994-11-20'),
                              (110344,63705,'1994-11-20','1995-11-20'),
                              (110344,67427,'1995-11-20','1996-11-19'),
                              (110344,67180,'1996-11-19','1997-11-19'),
                              (110344,70176,'1997-11-19','1998-11-19'),
                              (110344,72174,'1998-11-19','1999-11-19'),
                              (110344,73754,'1999-11-19','2000-11-18'),
                              (110344,73864,'2000-11-18','2001-11-18'),
                              (110344,75121,'2001-11-18','9999-01-01'),
                              (110386,40000,'1988-10-14','1989-10-14'),
                              (110386,42536,'1989-10-14','1990-10-14'),
                              (110386,45922,'1990-10-14','1991-10-14'),
                              (110386,47117,'1991-10-14','1992-10-13'),
                              (110386,47794,'1992-10-13','1993-10-13'),
                              (110386,51381,'1993-10-13','1994-10-13'),
                              (110386,53926,'1994-10-13','1995-10-13'),
                              (110386,56028,'1995-10-13','1996-10-12'),
                              (110386,56528,'1996-10-12','1997-10-12'),
                              (110386,56530,'1997-10-12','1998-10-12'),
                              (110386,59960,'1998-10-12','1999-10-12'),
                              (110386,61207,'1999-10-12','2000-10-11'),
                              (110386,64392,'2000-10-11','2001-10-11'),
                              (110386,66995,'2001-10-11','9999-01-01'),
                              (110420,40000,'1992-02-05','1993-02-04'),
                              (110420,40762,'1993-02-04','1994-02-04'),
                              (110420,42236,'1994-02-04','1995-02-04'),
                              (110420,42891,'1995-02-04','1996-02-04'),
                              (110420,43304,'1996-02-04','1997-02-03'),
                              (110420,43862,'1997-02-03','1998-02-03'),
                              (110420,47053,'1998-02-03','1999-02-03'),
                              (110420,50868,'1999-02-03','2000-02-03'),
                              (110420,53773,'2000-02-03','2001-02-02'),
                              (110420,53978,'2001-02-02','2002-02-02'),
                              (110420,56654,'2002-02-02','9999-01-01'),
                              (110511,48626,'1985-01-01','1986-01-01'),
                              (110511,49148,'1986-01-01','1987-01-01'),
                              (110511,49877,'1987-01-01','1988-01-01'),
                              (110511,51690,'1988-01-01','1988-12-31'),
                              (110511,52342,'1988-12-31','1989-12-31'),
                              (110511,54300,'1989-12-31','1990-12-31'),
                              (110511,56962,'1990-12-31','1991-12-31'),
                              (110511,59070,'1991-12-31','1992-12-30'),
                              (110511,62206,'1992-12-30','1993-12-30'),
                              (110511,64431,'1993-12-30','1994-12-30'),
                              (110511,66656,'1994-12-30','1995-12-30'),
                              (110511,70698,'1995-12-30','1996-12-29'),
                              (110511,73013,'1996-12-29','1997-12-29'),
                              (110511,74056,'1997-12-29','1998-12-29'),
                              (110511,73614,'1998-12-29','1999-12-29'),
                              (110511,73350,'1999-12-29','2000-12-28'),
                              (110511,73285,'2000-12-28','2001-12-28'),
                              (110511,72903,'2001-12-28','9999-01-01'),
                              (110567,40000,'1986-10-21','1987-10-21'),
                              (110567,42616,'1987-10-21','1988-10-20'),
                              (110567,44173,'1988-10-20','1989-10-20'),
                              (110567,48434,'1989-10-20','1990-10-20'),
                              (110567,48535,'1990-10-20','1991-10-20'),
                              (110567,50276,'1991-10-20','1992-10-19'),
                              (110567,53205,'1992-10-19','1993-10-19'),
                              (110567,57384,'1993-10-19','1994-10-19'),
                              (110567,56966,'1994-10-19','1995-10-19'),
                              (110567,59878,'1995-10-19','1996-10-18'),
                              (110567,62829,'1996-10-18','1997-10-18'),
                              (110567,63249,'1997-10-18','1998-10-18'),
                              (110567,63487,'1998-10-18','1999-10-18'),
                              (110567,66307,'1999-10-18','2000-10-17'),
                              (110567,70300,'2000-10-17','2001-10-17'),
                              (110567,74510,'2001-10-17','9999-01-01'),
                              (110725,61357,'1985-01-01','1986-01-01'),
                              (110725,64407,'1986-01-01','1987-01-01'),
                              (110725,67358,'1987-01-01','1988-01-01'),
                              (110725,71627,'1988-01-01','1988-12-31'),
                              (110725,74493,'1988-12-31','1989-12-31'),
                              (110725,78015,'1989-12-31','1990-12-31'),
                              (110725,78503,'1990-12-31','1991-12-31'),
                              (110725,81267,'1991-12-31','1992-12-30'),
                              (110725,81256,'1992-12-30','1993-12-30'),
                              (110725,85203,'1993-12-30','1994-12-30'),
                              (110725,85990,'1994-12-30','1995-12-30'),
                              (110725,87997,'1995-12-30','1996-12-29'),
                              (110725,87949,'1996-12-29','1997-12-29'),
                              (110725,91012,'1997-12-29','1998-12-29'),
                              (110725,90529,'1998-12-29','1999-12-29'),
                              (110725,90487,'1999-12-29','2000-12-28'),
                              (110725,92779,'2000-12-28','2001-12-28'),
                              (110725,93193,'2001-12-28','9999-01-01'),
                              (110765,40055,'1989-01-07','1990-01-07'),
                              (110765,42398,'1990-01-07','1991-01-07'),
                              (110765,43017,'1991-01-07','1992-01-07'),
                              (110765,44539,'1992-01-07','1993-01-06'),
                              (110765,48835,'1993-01-06','1994-01-06'),
                              (110765,50072,'1994-01-06','1995-01-06'),
                              (110765,54169,'1995-01-06','1996-01-06'),
                              (110765,55726,'1996-01-06','1997-01-05'),
                              (110765,59701,'1997-01-05','1998-01-05'),
                              (110765,63715,'1998-01-05','1999-01-05'),
                              (110765,64237,'1999-01-05','2000-01-05'),
                              (110765,65921,'2000-01-05','2001-01-04'),
                              (110765,69671,'2001-01-04','2002-01-04'),
                              (110765,72432,'2002-01-04','9999-01-01'),
                              (110800,50457,'1986-08-12','1987-08-12'),
                              (110800,54079,'1987-08-12','1988-08-11'),
                              (110800,56597,'1988-08-11','1989-08-11'),
                              (110800,60127,'1989-08-11','1990-08-11'),
                              (110800,62279,'1990-08-11','1991-08-11'),
                              (110800,66053,'1991-08-11','1992-08-10'),
                              (110800,66942,'1992-08-10','1993-08-10'),
                              (110800,69751,'1993-08-10','1994-08-10'),
                              (110800,70257,'1994-08-10','1995-08-10'),
                              (110800,72277,'1995-08-10','1996-08-09'),
                              (110800,74254,'1996-08-09','1997-08-09'),
                              (110800,76583,'1997-08-09','1998-08-09'),
                              (110800,76174,'1998-08-09','1999-08-09'),
                              (110800,77088,'1999-08-09','2000-08-08'),
                              (110800,77384,'2000-08-08','2001-08-08'),
                              (110800,77626,'2001-08-08','9999-01-01'),
                              (110854,45169,'1989-06-09','1990-06-09'),
                              (110854,49012,'1990-06-09','1991-06-09'),
                              (110854,49045,'1991-06-09','1992-06-08'),
                              (110854,52367,'1992-06-08','1993-06-08'),
                              (110854,54681,'1993-06-08','1994-06-08'),
                              (110854,55346,'1994-06-08','1995-06-08'),
                              (110854,58984,'1995-06-08','1996-06-07'),
                              (110854,61647,'1996-06-07','1997-06-07'),
                              (110854,65172,'1997-06-07','1998-06-07'),
                              (110854,66061,'1998-06-07','1999-06-07'),
                              (110854,66367,'1999-06-07','2000-06-06'),
                              (110854,69035,'2000-06-06','2001-06-06'),
                              (110854,70518,'2001-06-06','2002-06-06'),
                              (110854,72876,'2002-06-06','9999-01-01'),
                              (111035,71612,'1985-01-01','1986-01-01'),
                              (111035,75905,'1986-01-01','1987-01-01'),
                              (111035,76176,'1987-01-01','1988-01-01'),
                              (111035,76383,'1988-01-01','1988-12-31'),
                              (111035,76143,'1988-12-31','1989-12-31'),
                              (111035,77170,'1989-12-31','1990-12-31'),
                              (111035,79900,'1990-12-31','1991-12-31'),
                              (111035,81051,'1991-12-31','1992-12-30'),
                              (111035,81606,'1992-12-30','1993-12-30'),
                              (111035,85997,'1993-12-30','1994-12-30'),
                              (111035,87575,'1994-12-30','1995-12-30'),
                              (111035,89441,'1995-12-30','1996-12-29'),
                              (111035,89286,'1996-12-29','1997-12-29'),
                              (111035,90704,'1997-12-29','1998-12-29'),
                              (111035,92487,'1998-12-29','1999-12-29'),
                              (111035,93765,'1999-12-29','2000-12-28'),
                              (111035,95290,'2000-12-28','2001-12-28'),
                              (111035,95873,'2001-12-28','9999-01-01'),
                              (111133,71148,'1986-12-30','1987-12-30'),
                              (111133,70787,'1987-12-30','1988-12-29'),
                              (111133,75190,'1988-12-29','1989-12-29'),
                              (111133,79069,'1989-12-29','1990-12-29'),
                              (111133,82205,'1990-12-29','1991-12-29'),
                              (111133,83536,'1991-12-29','1992-12-28'),
                              (111133,86775,'1992-12-28','1993-12-28'),
                              (111133,86880,'1993-12-28','1994-12-28'),
                              (111133,89709,'1994-12-28','1995-12-28'),
                              (111133,91207,'1995-12-28','1996-12-27'),
                              (111133,90907,'1996-12-27','1997-12-27'),
                              (111133,93790,'1997-12-27','1998-12-27'),
                              (111133,96726,'1998-12-27','1999-12-27'),
                              (111133,99072,'1999-12-27','2000-12-26'),
                              (111133,99766,'2000-12-26','2001-12-26'),
                              (111133,101987,'2001-12-26','9999-01-01'),
                              (111400,72446,'1985-01-01','1986-01-01'),
                              (111400,73142,'1986-01-01','1987-01-01'),
                              (111400,77187,'1987-01-01','1988-01-01'),
                              (111400,77104,'1988-01-01','1988-12-31'),
                              (111400,79369,'1988-12-31','1989-12-31'),
                              (111400,82534,'1989-12-31','1990-12-31'),
                              (111400,83722,'1990-12-31','1991-12-31'),
                              (111400,84159,'1991-12-31','1992-12-30'),
                              (111400,84862,'1992-12-30','1993-12-30'),
                              (111400,84867,'1993-12-30','1994-12-30'),
                              (111400,87959,'1994-12-30','1995-12-30'),
                              (111400,89902,'1995-12-30','1996-12-29'),
                              (111400,93538,'1996-12-29','1997-12-29'),
                              (111400,96457,'1997-12-29','1998-12-29'),
                              (111400,99032,'1998-12-29','1999-12-29'),
                              (111400,100416,'1999-12-29','2000-12-28'),
                              (111400,99971,'2000-12-28','2001-12-28'),
                              (111400,103244,'2001-12-28','9999-01-01'),
                              (111534,48077,'1988-01-31','1989-01-30'),
                              (111534,51718,'1989-01-30','1990-01-30'),
                              (111534,52484,'1990-01-30','1991-01-30'),
                              (111534,55619,'1991-01-30','1992-01-30'),
                              (111534,59574,'1992-01-30','1993-01-29'),
                              (111534,62784,'1993-01-29','1994-01-29'),
                              (111534,63875,'1994-01-29','1995-01-29'),
                              (111534,66978,'1995-01-29','1996-01-29'),
                              (111534,70649,'1996-01-29','1997-01-28'),
                              (111534,71234,'1997-01-28','1998-01-28'),
                              (111534,73020,'1998-01-28','1999-01-28'),
                              (111534,76352,'1999-01-28','2000-01-28'),
                              (111534,78032,'2000-01-28','2001-01-27'),
                              (111534,78961,'2001-01-27','2002-01-27'),
                              (111534,79393,'2002-01-27','9999-01-01'),
                              (111692,40000,'1985-01-01','1986-01-01'),
                              (111692,42706,'1986-01-01','1987-01-01'),
                              (111692,46154,'1987-01-01','1988-01-01'),
                              (111692,46488,'1988-01-01','1988-12-31'),
                              (111692,49839,'1988-12-31','1989-12-31'),
                              (111692,51810,'1989-12-31','1990-12-31'),
                              (111692,54618,'1990-12-31','1991-12-31'),
                              (111692,55108,'1991-12-31','1992-12-30'),
                              (111692,58465,'1992-12-30','1993-12-30'),
                              (111692,58423,'1993-12-30','1994-12-30'),
                              (111692,62441,'1994-12-30','1995-12-30'),
                              (111692,62541,'1995-12-30','1996-12-29'),
                              (111692,64553,'1996-12-29','1997-12-29'),
                              (111692,66715,'1997-12-29','1998-12-29'),
                              (111692,69217,'1998-12-29','1999-12-29'),
                              (111692,72573,'1999-12-29','2000-12-28'),
                              (111692,72421,'2000-12-28','2001-12-28'),
                              (111692,73953,'2001-12-28','9999-01-01'),
                              (111784,40000,'1988-02-12','1989-02-11'),
                              (111784,41189,'1989-02-11','1990-02-11'),
                              (111784,44026,'1990-02-11','1991-02-11'),
                              (111784,48315,'1991-02-11','1992-02-11'),
                              (111784,48079,'1992-02-11','1993-02-10'),
                              (111784,48181,'1993-02-10','1994-02-10'),
                              (111784,48273,'1994-02-10','1995-02-10'),
                              (111784,49770,'1995-02-10','1996-02-10'),
                              (111784,51900,'1996-02-10','1997-02-09'),
                              (111784,52121,'1997-02-09','1998-02-09'),
                              (111784,54187,'1998-02-09','1999-02-09'),
                              (111784,54138,'1999-02-09','2000-02-09'),
                              (111784,54183,'2000-02-09','2001-02-08'),
                              (111784,57946,'2001-02-08','2002-02-08'),
                              (111784,58189,'2002-02-08','9999-01-01'),
                              (111877,53846,'1991-08-17','1992-08-16'),
                              (111877,54158,'1992-08-16','1993-08-16'),
                              (111877,57342,'1993-08-16','1994-08-16'),
                              (111877,59020,'1994-08-16','1995-08-16'),
                              (111877,61093,'1995-08-16','1996-08-15'),
                              (111877,64189,'1996-08-15','1997-08-15'),
                              (111877,66104,'1997-08-15','1998-08-15'),
                              (111877,66678,'1998-08-15','1999-08-15'),
                              (111877,67470,'1999-08-15','2000-08-14'),
                              (111877,70158,'2000-08-14','2001-08-14'),
                              (111877,71406,'2001-08-14','9999-01-01'),
                              (111939,40000,'1989-07-10','1990-07-10'),
                              (111939,40285,'1990-07-10','1991-07-10'),
                              (111939,40514,'1991-07-10','1992-07-09'),
                              (111939,44046,'1992-07-09','1993-07-09'),
                              (111939,48317,'1993-07-09','1994-07-09'),
                              (111939,48325,'1994-07-09','1995-07-09'),
                              (111939,48905,'1995-07-09','1996-07-08'),
                              (111939,50555,'1996-07-08','1997-07-08'),
                              (111939,51812,'1997-07-08','1998-07-08'),
                              (111939,52051,'1998-07-08','1999-07-08'),
                              (111939,56454,'1999-07-08','2000-07-07'),
                              (111939,58698,'2000-07-07','2001-07-07'),
                              (111939,58968,'2001-07-07','2002-07-07'),
                              (111939,58745,'2002-07-07','9999-01-01');